{
  "nodes": {
    "get-media-info#1": {
      "contentWidth": 450,
      "rfNode": {
        "position": {
          "x": 330.00262143214565,
          "y": 388.33594175842063
        }
      }
    },
    "video_preview#1": {
      "contentWidth": 450,
      "rfNode": {
        "position": {
          "x": 1685.641072980067,
          "y": 388.33594175842063
        }
      }
    },
    "convert-to-mp4#1": {
      "contentWidth": 450,
      "rfNode": {
        "position": {
          "x": 1002.523444006066,
          "y": 379.4084807625847
        }
      }
    },
    "convert-to-mov#1": {
      "contentWidth": 450,
      "rfNode": {
        "position": {
          "x": 1010.7989725730799,
          "y": 825.9146692328641
        }
      }
    },
    "convert-to-webm#1": {
      "contentWidth": 450,
      "rfNode": {
        "position": {
          "x": 1021.6127996663372,
          "y": 1306.630880714463
        }
      }
    },
    "convert-to-mkv#1": {
      "contentWidth": 450,
      "rfNode": {
        "position": {
          "x": 1002.523444006066,
          "y": 1674.2179697895351
        }
      }
    },
    "convert-to-wmv#1": {
      "contentWidth": 450,
      "rfNode": {
        "position": {
          "x": 1002.523444006066,
          "y": 2139.273622647531
        }
      }
    },
    "video_preview#2": {
      "contentWidth": 450,
      "rfNode": {
        "position": {
          "x": 1685.6410729800673,
          "y": 825.9146692328641
        }
      }
    },
    "video_preview#3": {
      "contentWidth": 450,
      "rfNode": {
        "position": {
          "x": 1658.5258472029245,
          "y": 1306.630880714463
        }
      }
    },
    "video_preview#4": {
      "contentWidth": 450,
      "rfNode": {
        "position": {
          "x": 1658.5258472029245,
          "y": 1674.2179697895351
        }
      }
    },
    "video_preview#5": {
      "contentWidth": 450,
      "rfNode": {
        "position": {
          "x": 1643.6054806506947,
          "y": 2139.273622647531
        }
      }
    }
  }
}