{
  "nodes": {
    "get-media-info#1": {
      "contentWidth": 450,
      "rfNode": {
        "position": {
          "x": 330.00262143214565,
          "y": 388.33594175842063
        }
      }
    },
    "media-converter#1": {
      "contentWidth": 450,
      "rfNode": {
        "position": {
          "x": 921.0859548813769,
          "y": 388.33594175842063
        }
      }
    },
    "video_preview#1": {
      "contentWidth": 450,
      "rfNode": {
        "position": {
          "x": 1459.9192603660972,
          "y": 388.33594175842063
        }
      }
    }
  }
}