{
  "nodes": {
    "cutopia#1": {
      "contentWidth": 450,
      "rfNode": {
        "position": {
          "x": 833.532469514926,
          "y": -143.71908113561867
        }
      }
    },
    "get-media-info#1": {
      "contentWidth": 669.6759642657112,
      "rfNode": {
        "position": {
          "x": -19.896513190604253,
          "y": -143.71908113561867
        }
      },
      "sections": {
        "outputs": {
          "collapsed": {
            "mediaInfo": {
              "[]": true
            }
          }
        }
      }
    },
    "video_preview#1": {
      "contentWidth": 450,
      "rfNode": {
        "position": {
          "x": 1447.355787373517,
          "y": -114.93606018489757
        }
      }
    }
  }
}