{
  "nodes": {
    "cutopia#1": {
      "contentWidth": 450,
      "rfNode": {
        "position": {
          "x": 878.0346890504212,
          "y": -126.04394676532459
        }
      }
    },
    "get-media-info#1": {
      "contentWidth": 669.6759642657112,
      "rfNode": {
        "position": {
          "x": -19.896513190604253,
          "y": -143.71908113561867
        }
      }
    }
  }
}