{
  "nodes": {
    "cutopia#1": {
      "contentWidth": 450,
      "rfNode": {
        "position": {
          "x": 763.8328985741015,
          "y": -135.2399632638854
        }
      }
    },
    "get-media-info#1": {
      "contentWidth": 669.6759642657112,
      "rfNode": {
        "position": {
          "x": -19.896513190604253,
          "y": -143.71908113561867
        }
      }
    }
  }
}