{
  "nodes": {
    "cutopia#1": {
      "contentWidth": 450,
      "rfNode": {
        "position": {
          "x": 716.3678775247429,
          "y": -143.71908113561867
        }
      }
    },
    "get-media-info#1": {
      "contentWidth": 669.6759642657112,
      "rfNode": {
        "position": {
          "x": -19.896513190604253,
          "y": -143.71908113561867
        }
      },
      "sections": {
        "outputs": {
          "collapsed": {
            "mediaInfo": {
              "[]": true
            }
          }
        }
      }
    },
    "video_preview#1": {
      "contentWidth": 450,
      "rfNode": {
        "position": {
          "x": 1403.4783859014076,
          "y": -128.86367398430716
        }
      }
    }
  }
}