{
  "nodes": {
    "converter#1": {
      "contentWidth": 450,
      "rfNode": {
        "position": {
          "x": 464.1666666666667,
          "y": 188.00413131713867
        }
      }
    },
    "get-media-info#1": {
      "contentWidth": 350,
      "rfNode": {
        "position": {
          "x": -4.8333333333332575,
          "y": 188.00413131713867
        }
      }
    },
    "video_preview#1": {
      "contentWidth": 450,
      "rfNode": {
        "position": {
          "x": 1029.2360951475528,
          "y": 188.00413131713867
        }
      }
    }
  }
}